<?xml version="1.0" encoding="utf-8" standalone="yes"?><rss version="2.0" xmlns:atom="http://www.w3.org/2005/Atom"><channel><title>Books on</title><link>https://thelivingdirectory.com/docs/books/</link><description>Recent content in Books on</description><generator>Hugo</generator><language>en</language><atom:link href="https://thelivingdirectory.com/docs/books/index.xml" rel="self" type="application/rss+xml"/><item><title>Strength for the Journey</title><link>https://thelivingdirectory.com/docs/books/strength/</link><pubDate>Mon, 01 Jan 0001 00:00:00 +0000</pubDate><guid>https://thelivingdirectory.com/docs/books/strength/</guid><description>&lt;p>Life often brings uncertainty, but God’s presence remains constant. &lt;strong>&lt;em>Strength for the Journey&lt;/em>&lt;/strong> is a 30-day devotional designed to help you walk through life&amp;rsquo;s challenges with renewed courage, hope, and trust.&lt;/p>
&lt;blockquote>
&lt;p>&lt;em>&amp;ldquo;Fear thou not; for I am with thee: be not dismayed; for I am thy God&amp;hellip;&amp;rdquo;&lt;/em> — Isaiah 41:10&lt;/p>&lt;/blockquote>
&lt;p>Each day offers Scripture, reflection, and prayer to draw you closer to God—even in your hardest moments.&lt;/p>
&lt;hr>
&lt;ul class="tabs">&lt;li>&lt;a href="#tab_overview" onclick="toggleTab(this); return false;">Overview&lt;/a>&lt;/li>&lt;li>&lt;a href="#tab_book-details" onclick="toggleTab(this); return false;">Book Details&lt;/a>&lt;/li>&lt;li>&lt;a href="#tab_about-the-author" onclick="toggleTab(this); return false;">About the Author&lt;/a>&lt;/li>&lt;li>&lt;a href="#tab_prayer" onclick="toggleTab(this); return false;">Prayer&lt;/a>&lt;/li>&lt;li>&lt;a href="#tab_" onclick="toggleTab(this); return false;">&lt;/a>&lt;/li>&lt;/ul>
&lt;div class="tabs_container">&lt;div class="tab" id="tab_overview">&lt;h2 id="overview">Overview&lt;/h2>
&lt;p>&lt;strong>Strength for the Journey&lt;/strong> invites you into a daily rhythm of grace. Whether you&amp;rsquo;re enduring trials or seeking steady ground, this devotional will help you:&lt;/p></description></item><item><title>Focus Through Stillness</title><link>https://thelivingdirectory.com/docs/books/focus/</link><pubDate>Mon, 01 Jan 0001 00:00:00 +0000</pubDate><guid>https://thelivingdirectory.com/docs/books/focus/</guid><description>&lt;p>Feeling pulled in a thousand directions yet spiritually empty? In a noisy, fast-paced world, &lt;strong>&lt;em>Focus Through Stillness&lt;/em>&lt;/strong> offers a soulful journey to rediscover clarity, peace, and purpose—not by pushing harder, but by pausing deeper in God&amp;rsquo;s rhythm of rest.&lt;/p>
&lt;blockquote>
&lt;p>&lt;em>&amp;ldquo;Be still, and know that I am God.&amp;rdquo;&lt;/em> — Psalm 46:10&lt;/p>&lt;/blockquote>
&lt;p>This is not just another productivity book—it’s a faith-driven guide to intentional living rooted in Scripture and spiritual stillness.&lt;/p></description></item><item><title>Guided Journal- Peace</title><link>https://thelivingdirectory.com/docs/books/guided-journal/</link><pubDate>Mon, 01 Jan 0001 00:00:00 +0000</pubDate><guid>https://thelivingdirectory.com/docs/books/guided-journal/</guid><description>&lt;p>A Free Faith-Based Journal to Cultivate Stillness, Gratitude, and Purpose.&lt;/p>
&lt;p>Welcome to &lt;strong>June’s sacred journey&lt;/strong>.&lt;/p>
&lt;p>This month’s &lt;em>Twelve Graces&lt;/em> guided journal is centered on the theme of &lt;strong>Peace&lt;/strong>—a gift from God that calms storms, stills hearts, and restores clarity in a chaotic world.&lt;/p>
&lt;hr>
&lt;ul class="tabs">&lt;li>&lt;a href="#tab_overview" onclick="toggleTab(this); return false;">Overview&lt;/a>&lt;/li>&lt;li>&lt;a href="#tab_journal-details" onclick="toggleTab(this); return false;">Journal Details&lt;/a>&lt;/li>&lt;li>&lt;a href="#tab_about-the-creator" onclick="toggleTab(this); return false;">About the Creator&lt;/a>&lt;/li>&lt;li>&lt;a href="#tab_prayer" onclick="toggleTab(this); return false;">Prayer&lt;/a>&lt;/li>&lt;li>&lt;a href="#tab_" onclick="toggleTab(this); return false;">&lt;/a>&lt;/li>&lt;/ul>
&lt;div class="tabs_container">&lt;div class="tab" id="tab_overview">&lt;h2 id="overview">Overview&lt;/h2>
&lt;p>Inside this &lt;strong>printable PDF journal&lt;/strong>, you’ll find:&lt;/p>
&lt;p>✅ Daily Scripture from the &lt;strong>KJV Bible&lt;/strong>&lt;br>
✅ A space for &lt;strong>three daily gratitudes&lt;/strong>&lt;br>
✅ Sections to note &lt;strong>goals and intentions&lt;/strong>&lt;br>
✅ A simple, powerful &lt;strong>daily challenge&lt;/strong>&lt;br>
✅ &lt;strong>Evening reflection prompts&lt;/strong> to realign with God&lt;br>
✅ Beautifully designed pages for journaling and spiritual stillness&lt;/p></description></item><item><title>Foundations of Grace</title><link>https://thelivingdirectory.com/docs/books/twelve-graces-vol1/</link><pubDate>Mon, 01 Jan 0001 00:00:00 +0000</pubDate><guid>https://thelivingdirectory.com/docs/books/twelve-graces-vol1/</guid><description>&lt;p>&lt;strong>Start your year anchored in truth.&lt;/strong>&lt;/p>
&lt;p>&lt;em>Foundations of Grace&lt;/em> is the first volume in the &lt;strong>Twelve Graces: A Sacred Journal Through the Year&lt;/strong> series. This four-month devotional journey is rooted in Scripture and reflection, designed to help you deepen your walk with God through quiet stillness and daily intentionality.&lt;/p>
&lt;hr>
&lt;ul class="tabs">&lt;li>&lt;a href="#tab_overview" onclick="toggleTab(this); return false;">Overview&lt;/a>&lt;/li>&lt;li>&lt;a href="#tab_book-details" onclick="toggleTab(this); return false;">Book Details&lt;/a>&lt;/li>&lt;li>&lt;a href="#tab_about-the-series" onclick="toggleTab(this); return false;">About the Series&lt;/a>&lt;/li>&lt;li>&lt;a href="#tab_prayer" onclick="toggleTab(this); return false;">Prayer&lt;/a>&lt;/li>&lt;li>&lt;a href="#tab_" onclick="toggleTab(this); return false;">&lt;/a>&lt;/li>&lt;/ul>
&lt;div class="tabs_container">&lt;div class="tab" id="tab_overview">&lt;h2 id="overview">Overview&lt;/h2>
&lt;p>Covering the months of &lt;strong>January through April&lt;/strong>, this guided journal focuses on the foundational spiritual themes of:&lt;/p></description></item><item><title>Fruits of Grace</title><link>https://thelivingdirectory.com/docs/books/fruits-of-grace/</link><pubDate>Mon, 01 Jan 0001 00:00:00 +0000</pubDate><guid>https://thelivingdirectory.com/docs/books/fruits-of-grace/</guid><description>&lt;p>&lt;strong>Let your faith bear fruit.&lt;/strong>&lt;/p>
&lt;p>&lt;em>Fruits of Grace&lt;/em> is Volume 2 of the &lt;strong>Twelve Graces: A Sacred Journal Through the Year&lt;/strong> series — a Spirit-led devotional for May through August, helping you cultivate the fruit God is growing in your life.&lt;/p>
&lt;hr>
&lt;ul class="tabs">&lt;li>&lt;a href="#tab_overview" onclick="toggleTab(this); return false;">Overview&lt;/a>&lt;/li>&lt;li>&lt;a href="#tab_book-details" onclick="toggleTab(this); return false;">Book Details&lt;/a>&lt;/li>&lt;li>&lt;a href="#tab_about-the-series" onclick="toggleTab(this); return false;">About the Series&lt;/a>&lt;/li>&lt;li>&lt;a href="#tab_prayer" onclick="toggleTab(this); return false;">Prayer&lt;/a>&lt;/li>&lt;li>&lt;a href="#tab_" onclick="toggleTab(this); return false;">&lt;/a>&lt;/li>&lt;/ul>
&lt;div class="tabs_container">&lt;div class="tab" id="tab_overview">&lt;h2 id="overview">Overview&lt;/h2>
&lt;p>Rooted in the themes of:&lt;/p>
&lt;ul>
&lt;li>&lt;strong>Joy&lt;/strong>&lt;/li>
&lt;li>&lt;strong>Peace&lt;/strong>&lt;/li>
&lt;li>&lt;strong>Strength&lt;/strong>&lt;/li>
&lt;li>&lt;strong>Gratitude&lt;/strong>&lt;/li>
&lt;/ul>
&lt;p>this four-month journal creates a sacred rhythm for your spiritual walk. Each day invites you to meet God through &lt;strong>Scripture&lt;/strong>, &lt;strong>practical application&lt;/strong>, and &lt;strong>gentle reflection&lt;/strong>.&lt;/p></description></item><item><title>Fulfillment of Grace</title><link>https://thelivingdirectory.com/docs/books/fulfillment/</link><pubDate>Mon, 01 Jan 0001 00:00:00 +0000</pubDate><guid>https://thelivingdirectory.com/docs/books/fulfillment/</guid><description>&lt;p>&lt;strong>End the year with intention and joy.&lt;/strong>&lt;/p>
&lt;p>&lt;em>Fulfillment of Grace&lt;/em> is Volume 3 of the &lt;strong>Twelve Graces: A Sacred Journal Through the Year&lt;/strong> series — a Spirit-led devotional for September through December, helping you walk in wisdom and celebrate God&amp;rsquo;s goodness as the year closes.&lt;/p>
&lt;hr>
&lt;ul class="tabs">&lt;li>&lt;a href="#tab_overview" onclick="toggleTab(this); return false;">Overview&lt;/a>&lt;/li>&lt;li>&lt;a href="#tab_book-details" onclick="toggleTab(this); return false;">Book Details&lt;/a>&lt;/li>&lt;li>&lt;a href="#tab_about-the-series" onclick="toggleTab(this); return false;">About the Series&lt;/a>&lt;/li>&lt;li>&lt;a href="#tab_prayer" onclick="toggleTab(this); return false;">Prayer&lt;/a>&lt;/li>&lt;li>&lt;a href="#tab_" onclick="toggleTab(this); return false;">&lt;/a>&lt;/li>&lt;/ul>
&lt;div class="tabs_container">&lt;div class="tab" id="tab_overview">&lt;h2 id="overview">Overview&lt;/h2>
&lt;p>Rooted in the themes of:&lt;/p>
&lt;ul>
&lt;li>&lt;strong>Wisdom&lt;/strong>&lt;/li>
&lt;li>&lt;strong>Courage&lt;/strong>&lt;/li>
&lt;li>&lt;strong>Generosity&lt;/strong>&lt;/li>
&lt;li>&lt;strong>Celebration&lt;/strong>&lt;/li>
&lt;/ul>
&lt;p>this final volume completes your sacred year with God. Each day is structured to guide you in spiritual reflection, gratitude, and purposeful living — inviting you to reflect on how far you&amp;rsquo;ve come and prepare your heart for what’s next.&lt;/p></description></item></channel></rss>