<?xml version="1.0" encoding="utf-8" standalone="yes"?><rss version="2.0" xmlns:atom="http://www.w3.org/2005/Atom"><channel><title>Storehouse on</title><link>https://thelivingdirectory.com/docs/</link><description>Recent content in Storehouse on</description><generator>Hugo</generator><language>en</language><atom:link href="https://thelivingdirectory.com/docs/index.xml" rel="self" type="application/rss+xml"/><item><title>Entering the Storehouse</title><link>https://thelivingdirectory.com/docs/getting-started/</link><pubDate>Mon, 01 Jan 0001 00:00:00 +0000</pubDate><guid>https://thelivingdirectory.com/docs/getting-started/</guid><description>&lt;p>In every journey of faith, we need a sacred place to return to — a place to draw wisdom, find rest, and be equipped. &lt;strong>The Storehouse&lt;/strong> is that place: a quiet repository filled with timeless truth, practical guidance, and tools to support your spiritual and daily walk.&lt;/p>
&lt;h2 id="explore-whats-inside">Explore What’s Inside&lt;/h2>
&lt;ul>
&lt;li>📖 &lt;strong>Bible KJV&lt;/strong> — The King James Bible in its full glory, a wellspring of divine truth and timeless language.&lt;/li>
&lt;li>📓 &lt;strong>Journals&lt;/strong> — Guided and open-format journals for reflection, prayer, and focused growth through the seasons of life.&lt;/li>
&lt;li>🧰 &lt;strong>Tools&lt;/strong> — Spiritual and practical tools to help you stay rooted, focused, and inspired — from study aids to planners.&lt;/li>
&lt;li>⬇️ &lt;strong>Downloads&lt;/strong> — Printable devotionals, Scripture cards, PDF studies, and more — freely available for your walk.&lt;/li>
&lt;/ul>
&lt;p>Each item here is offered prayerfully — to uplift, to inspire, and to accompany you on the path of purpose.&lt;/p></description></item></channel></rss>