<?xml version="1.0" encoding="utf-8" standalone="yes"?><rss version="2.0" xmlns:atom="http://www.w3.org/2005/Atom"><channel><title>Downloads on</title><link>https://thelivingdirectory.com/docs/downloads/</link><description>Recent content in Downloads on</description><generator>Hugo</generator><language>en</language><atom:link href="https://thelivingdirectory.com/docs/downloads/index.xml" rel="self" type="application/rss+xml"/><item><title>Downloads</title><link>https://thelivingdirectory.com/docs/downloads/downloads/</link><pubDate>Mon, 01 Jan 0001 00:00:00 +0000</pubDate><guid>https://thelivingdirectory.com/docs/downloads/downloads/</guid><description>&lt;h2 id="coming-soon">Coming soon&lt;/h2></description></item></channel></rss>