<?xml version="1.0" encoding="utf-8" standalone="yes"?><rss version="2.0" xmlns:atom="http://www.w3.org/2005/Atom"><channel><title>Bricks on</title><link>https://thelivingdirectory.com/nl/bricks/</link><description>Recent content in Bricks on</description><generator>Hugo</generator><language>nl</language><atom:link href="https://thelivingdirectory.com/nl/bricks/index.xml" rel="self" type="application/rss+xml"/><item><title>cta</title><link>https://thelivingdirectory.com/nl/bricks/cta/</link><pubDate>Mon, 01 Jan 0001 00:00:00 +0000</pubDate><guid>https://thelivingdirectory.com/nl/bricks/cta/</guid><description>&lt;h2 id="start-vandaag-nog-met-hugobricks">Start vandaag nog met Hugobricks!&lt;/h2>
&lt;p>Ervaar de toekomst van webontwikkeling met Hugo en stapelbare content bricks. Bouw razendsnelle flexibele statische sites met het grootste gemak.&lt;/p>
&lt;a href="https://thelivingdirectory.com/nl/" class="button secondary" title="Start nu direct">Start nu direct&lt;/a>
&lt;p>&lt;img src="https://thelivingdirectory.com/uploads/illustrations/cuate/server.svg" alt="" class="is_svg" />&lt;/p></description></item><item><title>features</title><link>https://thelivingdirectory.com/nl/bricks/features/</link><pubDate>Mon, 01 Jan 0001 00:00:00 +0000</pubDate><guid>https://thelivingdirectory.com/nl/bricks/features/</guid><description>&lt;h2 id="het-ultieme-hugo-thema">Het ultieme Hugo-thema&lt;/h2>
&lt;p>Hugobricks omvat alle componenten die u bij de hand wilt hebben. Het is een krachtige motor voor uw webgerichte projecten. Het heeft uitstekende prestaties in alle categorieën.&lt;/p>
&lt;hr>
&lt;p>&lt;img src="https://thelivingdirectory.com/img/icons/material-symbols/200/rounded/auto_awesome_mosaic.svg" alt="" class="is_svg" />&lt;/p>
&lt;h3 id="omvat-alle-componenten">Omvat alle componenten&lt;/h3>
&lt;p>We streven ernaar de volgende bouwstenen te leveren: intro, titel, afbeelding, cta, contact, team, getuigenissen, over, prijzen, producten, product, usps, statistieken, galerij, offerte, veelgestelde vragen, merken, video, blogs, post, gerelateerd.&lt;/p>
&lt;p>&amp;mdash; &lt;img src="https://thelivingdirectory.com/img/icons/material-symbols/200/rounded/performance_max.svg" alt="" class="is_svg" />&lt;/p>
&lt;h3 id="99-google-lighthouse-score">99+ Google Lighthouse-score&lt;/h3>
&lt;p>Razendsnelle website. Lorem ipsum dolor sit amet consectetur adipisicing elit. Corporis illum is niet meer gebruikelijk, maar anders dan in het verleden, tot nu toe, in een bepaalde tijd, of in een bepaalde tijd.&lt;/p></description></item><item><title>intro</title><link>https://thelivingdirectory.com/nl/bricks/intro/</link><pubDate>Mon, 01 Jan 0001 00:00:00 +0000</pubDate><guid>https://thelivingdirectory.com/nl/bricks/intro/</guid><description>&lt;h1 id="the-ultimate-theme-you-need-to-start-your-hugo-website">The Ultimate Theme You Need To Start Your Hugo Website&lt;/h1>
&lt;p>Hugobricks is a free website theme built with Hugo and vanilla CSS, providing everything you need to jumpstart your Hugo website and save valuable time.&lt;/p>
&lt;a href="https://thelivingdirectory.com/get-started/" class="button" title="Get started for free">Get started for free&lt;/a>


&lt;p>&lt;img src="https://thelivingdirectory.com/uploads/brick_intro.png" alt="" class="is_svg" />&lt;/p></description></item><item><title>map</title><link>https://thelivingdirectory.com/nl/bricks/map/</link><pubDate>Mon, 01 Jan 0001 00:00:00 +0000</pubDate><guid>https://thelivingdirectory.com/nl/bricks/map/</guid><description>&lt;p>&lt;img src="https://thelivingdirectory.com/uploads/map.png" alt="" class="is_svg" />&lt;/p>
&lt;p>&lt;a href="https://www.google.com/maps" target="_blank" rel="noopener">Google Maps&lt;/a>&lt;/p>
&lt;h2 id="contact-us">Contact us&lt;/h2>
&lt;p>Usecue BV&lt;br>
Soetendaal 7&lt;br>
1081BL Amsterdam&lt;br>
The Netherlands&lt;/p>

&lt;ul class="buttons">&lt;li>&lt;a href="tel:&amp;#43;31618518928" class="button icon">&lt;img src="https://thelivingdirectory.com/img/phone.svg" alt="&amp;#43;31 618 51 89 28" />&lt;/a>&lt;/li>&lt;li>&lt;a href="mailto:joost@vdschee.nl" class="button icon">&lt;img src="https://thelivingdirectory.com/img/email.svg" alt="joost@vdschee.nl" />&lt;/a>&lt;/li>&lt;/ul></description></item><item><title>Reviews</title><link>https://thelivingdirectory.com/nl/bricks/reviews/</link><pubDate>Mon, 01 Jan 0001 00:00:00 +0000</pubDate><guid>https://thelivingdirectory.com/nl/bricks/reviews/</guid><description>&lt;h2 id="wat-gebruikers-zeggen-over-hugobricks">Wat gebruikers zeggen over Hugobricks&lt;/h2>
&lt;p>U hoeft ons niet op ons woord te geloven - luister liever naar onze tevreden gebruikers! Bekijk hieronder enkele getuigenissen om te zien wat men zoal over Hugobricks zegt.&lt;/p></description></item></channel></rss>