<?xml version="1.0" encoding="utf-8" standalone="yes"?><rss version="2.0" xmlns:atom="http://www.w3.org/2005/Atom"><channel><title>Tools on</title><link>https://thelivingdirectory.com/docs/tools/</link><description>Recent content in Tools on</description><generator>Hugo</generator><language>en</language><atom:link href="https://thelivingdirectory.com/docs/tools/index.xml" rel="self" type="application/rss+xml"/><item><title>Tools</title><link>https://thelivingdirectory.com/docs/tools/tools/</link><pubDate>Mon, 01 Jan 0001 00:00:00 +0000</pubDate><guid>https://thelivingdirectory.com/docs/tools/tools/</guid><description>&lt;h1 id="tools--resources">Tools &amp;amp; Resources&lt;/h1>
&lt;p>Explore this hand-picked collection of tools and resources designed to support your spiritual journey, enhance your daily focus, and bring clarity to your devotional life. These tools are external websites and apps we believe can add meaningful value to your walk.&lt;/p>
&lt;hr>
&lt;h2 id="bible-study--scripture-tools">Bible Study &amp;amp; Scripture Tools&lt;/h2>
&lt;ul>
&lt;li>&lt;a href="https://www.biblegateway.com" target="_blank" rel="noopener">Bible Gateway&lt;/a> – Access multiple Bible translations, commentaries, and reading plans.&lt;/li>
&lt;li>&lt;a href="https://www.blueletterbible.org" target="_blank" rel="noopener">Blue Letter Bible&lt;/a> – In-depth study tools including concordance, lexicon, and interlinear Bible.&lt;/li>
&lt;li>&lt;a href="https://www.youversion.com/the-bible-app/" target="_blank" rel="noopener">YouVersion&lt;/a> – A mobile-friendly Bible app with audio, reading plans, and verse-of-the-day features.&lt;/li>
&lt;/ul>
&lt;hr>
&lt;h2 id="devotion--reflection">Devotion &amp;amp; Reflection&lt;/h2>
&lt;ul>
&lt;li>&lt;a href="https://www.sacredspace.ie" target="_blank" rel="noopener">Sacred Space&lt;/a> – Guided daily prayer and scripture reflections rooted in Ignatian spirituality.&lt;/li>
&lt;li>&lt;a href="https://pray-as-you-go.org" target="_blank" rel="noopener">Pray As You Go&lt;/a> – A daily audio prayer session combining music, scripture, and reflection.&lt;/li>
&lt;li>&lt;a href="https://dailygraceco.com" target="_blank" rel="noopener">Daily Grace Co&lt;/a> – Beautiful resources for Bible study, journaling, and Christian encouragement.&lt;/li>
&lt;/ul>
&lt;hr>
&lt;h2 id="focus--productivity">Focus &amp;amp; Productivity&lt;/h2>
&lt;ul>
&lt;li>&lt;a href="https://www.forestapp.cc" target="_blank" rel="noopener">Forest&lt;/a> – Stay focused by planting virtual trees while you work or pray without distractions.&lt;/li>
&lt;li>&lt;a href="https://apps.apple.com/us/app/focus-keeper-time-management/id830466924" target="_blank" rel="noopener">Focus Keeper&lt;/a> – A Pomodoro timer to boost productivity and mindfulness.&lt;/li>
&lt;li>&lt;a href="https://www.notion.so" target="_blank" rel="noopener">Notion&lt;/a> – A customizable productivity tool for spiritual journaling, task planning, and more.&lt;/li>
&lt;/ul>
&lt;hr>
&lt;h2 id="journaling--notes">Journaling &amp;amp; Notes&lt;/h2>
&lt;ul>
&lt;li>&lt;a href="https://dayoneapp.com" target="_blank" rel="noopener">Day One Journal&lt;/a> – A secure and elegant digital journal app perfect for daily devotion reflections.&lt;/li>
&lt;li>&lt;a href="https://penzu.com" target="_blank" rel="noopener">Penzu&lt;/a> – A private online journal with mobile and web access.&lt;/li>
&lt;/ul></description></item><item><title>Focus Work Tools for Purposeful Productivity</title><link>https://thelivingdirectory.com/docs/tools/focus-tools/</link><pubDate>Mon, 01 Jan 0001 00:00:00 +0000</pubDate><guid>https://thelivingdirectory.com/docs/tools/focus-tools/</guid><description>&lt;p>In a world buzzing with distractions, reclaiming your focus isn’t just about productivity—it’s about living with purpose, clarity, and faith.&lt;/p>
&lt;p>I learned this the hard way one quiet morning while staring at a blank page for my book, &lt;em>Focus Through Stillness&lt;/em>. Notifications pinged, emails piled up, and my thoughts scattered. That’s when I began practicing what I now call &lt;strong>“Focus Work”&lt;/strong>—purpose-driven attention that aligns our efforts with our values and calling.&lt;/p></description></item></channel></rss>