<?xml version="1.0" encoding="utf-8" standalone="yes"?><rss version="2.0" xmlns:atom="http://www.w3.org/2005/Atom"><channel><title>Bricks on</title><link>https://thelivingdirectory.com/bricks/</link><description>Recent content in Bricks on</description><generator>Hugo</generator><language>en</language><atom:link href="https://thelivingdirectory.com/bricks/index.xml" rel="self" type="application/rss+xml"/><item><title>404</title><link>https://thelivingdirectory.com/bricks/404/</link><pubDate>Mon, 01 Jan 0001 00:00:00 +0000</pubDate><guid>https://thelivingdirectory.com/bricks/404/</guid><description>&lt;p>&lt;img src="https://thelivingdirectory.com/uploads/illustrations/cuate/error.svg" alt="" class="is_svg" />&lt;/p>
&lt;h1 id="oops-something-went-wrong">Oops! Something went wrong!&lt;/h1>
&lt;p>{{&amp;lt; button &amp;ldquo;Back to home&amp;rdquo; &amp;ldquo;/&amp;rdquo; &amp;gt;}}&lt;/p>
&lt;p>{{&amp;lt; brick_404 &amp;gt;}}&lt;/p>
&lt;p>Nothing found here&lt;/p>
&lt;p>{{&amp;lt; /brick_404 &amp;gt;}}&lt;/p>
&lt;pre tabindex="0">&lt;code>&lt;/code>&lt;/pre></description></item><item><title>Blocks</title><link>https://thelivingdirectory.com/bricks/blocks/</link><pubDate>Mon, 01 Jan 0001 00:00:00 +0000</pubDate><guid>https://thelivingdirectory.com/bricks/blocks/</guid><description>&lt;h2 id="spirit-led-resources">Spirit-Led Resources&lt;/h2>
&lt;p>Explore a series of faith-centered offerings created to strengthen your walk, nourish your soul, and equip you with tools for purposeful living.&lt;/p>
&lt;hr>
&lt;p>&lt;img src="https://thelivingdirectory.com/uploads/gallery/01.jpg" alt="" />&lt;/p>
&lt;h3 id="rooted-in-grace">Rooted in Grace&lt;/h3>
&lt;p>Discover journals, devotionals, and tools aligned with timeless spiritual principles.&lt;/p>
&lt;p>&lt;a href="https://thelivingdirectory.com/storehouse/">&lt;/a>&lt;/p>
&lt;hr>
&lt;p>&lt;img src="https://thelivingdirectory.com/uploads/gallery/02.jpg" alt="" />&lt;/p>
&lt;h3 id="grounded--clear">Grounded &amp;amp; Clear&lt;/h3>
&lt;p>Designed with clarity and simplicity for meaningful engagement.&lt;/p>
&lt;p>&lt;a href="https://thelivingdirectory.com/storehouse/">&lt;/a>&lt;/p>
&lt;hr>
&lt;p>&lt;img src="https://thelivingdirectory.com/uploads/gallery/03.jpg" alt="" />&lt;/p>
&lt;h3 id="spiritually-customizable">Spiritually Customizable&lt;/h3>
&lt;p>Resources that adapt to your personal rhythm and sacred seasons.&lt;/p>
&lt;p>&lt;a href="https://thelivingdirectory.com/storehouse/">&lt;/a>&lt;/p>
&lt;hr>
&lt;p>&lt;img src="https://thelivingdirectory.com/uploads/gallery/04.jpg" alt="" />&lt;/p></description></item><item><title>Books</title><link>https://thelivingdirectory.com/bricks/features/</link><pubDate>Mon, 01 Jan 0001 00:00:00 +0000</pubDate><guid>https://thelivingdirectory.com/bricks/features/</guid><description>&lt;h2 id="grace-filled-tools-for-the-journey">Grace-filled Tools for the Journey&lt;/h2>
&lt;p>Explore spiritual resources designed to guide, strengthen, and uplift you through every season of life.&lt;/p>
&lt;hr>
&lt;p>&lt;img src="https://thelivingdirectory.com/img/icons/material-symbols/200/rounded/auto_awesome_mosaic.svg" alt="" class="is_svg" />&lt;/p>
&lt;h3 id="focus-through-stillness">Focus Through Stillness&lt;/h3>
&lt;p>&lt;strong>A Spiritual and Practical Guide to Inner Clarity&lt;/strong>&lt;br>
Cultivate stillness, sharpen your focus, and center your days with peace.&lt;br>
🔗 &lt;a href="https://thelivingdirectory.gumroad.com/l/focus?layout=profile" target="_blank" rel="noopener">Gumroad&lt;/a>&lt;br>
🔗 &lt;a href="https://books2read.com/u/bPp6Yx" target="_blank" rel="noopener">Books2Read&lt;/a>&lt;/p>
&lt;hr>
&lt;p>&lt;img src="https://thelivingdirectory.com/img/icons/material-symbols/200/rounded/performance_max.svg" alt="" class="is_svg" />&lt;/p>
&lt;h3 id="twelve-graces--volume-1-foundations-of-grace">Twelve Graces – Volume 1: &lt;em>Foundations of Grace&lt;/em>&lt;/h3>
&lt;p>&lt;strong>Themes: Faith, Love, Renewal, Hope&lt;/strong>&lt;br>
Begin your sacred year with themes that ground and guide.&lt;br>
🔗 &lt;a href="https://thelivingdirectory.gumroad.com/l/TwelveGracesVolume1?layout=profile" target="_blank" rel="noopener">Gumroad&lt;/a>&lt;/p></description></item><item><title>Cart</title><link>https://thelivingdirectory.com/bricks/cart/</link><pubDate>Mon, 01 Jan 0001 00:00:00 +0000</pubDate><guid>https://thelivingdirectory.com/bricks/cart/</guid><description>&lt;h1 id="products-in-your-cart">Products in your cart&lt;/h1>
&lt;p>Review the items in your cart below.&lt;/p></description></item><item><title>Checkout</title><link>https://thelivingdirectory.com/bricks/checkout/</link><pubDate>Mon, 01 Jan 0001 00:00:00 +0000</pubDate><guid>https://thelivingdirectory.com/bricks/checkout/</guid><description>&lt;h1 id="checkout">Checkout&lt;/h1>
&lt;hr>
&lt;p>Payments are 100% secure and will be handled by either Mollies Paylink service, called Plink, or Paypal.me. In the next screen you will be redirected to a secure checkout process on either useplink.com or paypal.me.&lt;/p></description></item><item><title>cta</title><link>https://thelivingdirectory.com/bricks/cta/</link><pubDate>Mon, 01 Jan 0001 00:00:00 +0000</pubDate><guid>https://thelivingdirectory.com/bricks/cta/</guid><description>&lt;h2 id="begin-your-journey-with-purpose">Begin Your Journey with Purpose!&lt;/h2>
&lt;p>Embrace a life rooted in faith, stillness, and intentional living. Explore devotionals, tools, and spiritual reflections that help you reconnect with what truly matters.
&lt;a href="https://thelivingdirectory.com/blog/" class="button secondary" title="Read the Blog">Read the Blog&lt;/a>&lt;/p>
&lt;p>&lt;img src="https://thelivingdirectory.com/uploads/illustrations/cuate/blog.svg" alt="" class="is_svg" />&lt;/p></description></item><item><title>intro</title><link>https://thelivingdirectory.com/bricks/intro/</link><pubDate>Mon, 01 Jan 0001 00:00:00 +0000</pubDate><guid>https://thelivingdirectory.com/bricks/intro/</guid><description>&lt;h1 id="build-with-purpose-share-with-grace">Build with Purpose. Share with Grace.&lt;/h1>
&lt;p>The Living Directory is more than a website — it’s a spiritual resource hub designed to uplift, equip, and inspire. Whether you&amp;rsquo;re exploring devotionals, journals, or tools for quiet reflection, everything here is crafted to guide your journey with clarity and intention.&lt;/p>
&lt;a href="https://thelivingdirectory.com/storehouse/" class="button" title="Begin Your Journey">Begin Your Journey&lt;/a>


&lt;p>&lt;img src="https://thelivingdirectory.com/uploads/brick_intro.png" alt="" class="is_svg" />&lt;/p></description></item><item><title>map</title><link>https://thelivingdirectory.com/bricks/map/</link><pubDate>Mon, 01 Jan 0001 00:00:00 +0000</pubDate><guid>https://thelivingdirectory.com/bricks/map/</guid><description>&lt;p>&lt;img src="https://thelivingdirectory.com/uploads/map.png" alt="" class="is_svg" />&lt;/p>
&lt;p>&lt;a href="https://www.google.com/maps" target="_blank" rel="noopener">Google Maps&lt;/a>&lt;/p>
&lt;h2 id="contact-us">Contact us&lt;/h2>
&lt;p>The Living Directory&lt;br>
130 Jakhama Town&lt;br>
Kohima 797001
Nagaland&lt;/p>

&lt;ul class="buttons">&lt;li>&lt;a href="mailto:office@thelivingdirectory.com" class="button icon">&lt;img src="https://thelivingdirectory.com/img/email.svg" alt="office@thelivingdirectory.com" />&lt;/a>&lt;/li>&lt;/ul></description></item><item><title>Payment</title><link>https://thelivingdirectory.com/bricks/payment/</link><pubDate>Mon, 01 Jan 0001 00:00:00 +0000</pubDate><guid>https://thelivingdirectory.com/bricks/payment/</guid><description>&lt;h1 id="choose-your-payment-method">Choose your payment method&lt;/h1>
&lt;p>You will be paying &amp;lsquo;Usecue&amp;rsquo; and you will see your order number as a reference. You will have to pay &lt;span id="paymenttotal">&lt;/span>.&lt;/p>
&lt;div id="smart-button-container" style="max-width: 350px;">

 &lt;input type="hidden" name="descriptionInput" id="description">
 &lt;input type="hidden" name="amountInput" id="amount">
 &lt;input type="hidden" name="invoiceid" id="invoiceid">

 &lt;script>
 window.onload = function() {
 var amount = (getCartTotal() + getAddonTotal()).toFixed(2); 
 var ordernumber = localStorage.getItem('ordernumber');
 
 document.getElementById('description').value = ordernumber;
 document.getElementById('invoiceid').value = ordernumber;
 document.getElementById('amount').value = amount;
 }
 &lt;/script>
 &lt;div style="text-align: center; margin-top: 0.625rem;" id="paypal-button-container">&lt;/div>
&lt;/div>

&lt;script src="https://www.paypal.com/sdk/js?client-id=ARLAOALKgJkpvAynfrxup8sP6NiLzBTpe6leWyLs7QJHnUMsCt8tKKVFWJzLg4zP0jky8IlPddUX2YCt&amp;currency=USD&amp;components=buttons">&lt;/script>
&lt;script>

function initPayPalButton() {

var amount = document.querySelector('#smart-button-container #amount');
var description = document.querySelector('#smart-button-container #description');
var invoiceid = document.querySelector('#smart-button-container #invoiceid');

var purchase_units = [];
purchase_units[0] = {};
purchase_units[0].amount = {};

function validate(event) {
 return event.value.length > 0;
}

paypal.Buttons({
 style: {
 color: 'blue',
 shape: 'pill',
 label: 'pay',
 layout: 'vertical',
 
 },

 onInit: function (data, actions) {
 
 },

 onClick: function () {
 
 purchase_units[0].description = description.value;
 purchase_units[0].amount.value = amount.value

 if(invoiceid.value !== '') {
 purchase_units[0].invoice_id = invoiceid.value;
 }
 },

 createOrder: function (data, actions) {
 return actions.order.create({
 purchase_units: purchase_units,
 });
 },

 onApprove: function (data, actions) {
 return actions.order.capture().then(function (details) {
 alert('Transaction completed by ' + details.payer.name.given_name + '!');
 });
 },

 onError: function (err) {
 console.log(err);
 }
}).render('#paypal-button-container');
}
initPayPalButton();
&lt;/script></description></item><item><title>prices</title><link>https://thelivingdirectory.com/bricks/prices/</link><pubDate>Mon, 01 Jan 0001 00:00:00 +0000</pubDate><guid>https://thelivingdirectory.com/bricks/prices/</guid><description>&lt;h2 id="our-friendly-pricing">Our friendly pricing&lt;/h2>
&lt;p>Lorem ipsum dolor sit amet consectetur adipisicing elit. Corporis illum nesciunt commodi vel nisi ut alias excepturi ipsum, totam, labore tempora, odit ex iste tempore sed.&lt;/p>
&lt;hr>
&lt;p>&lt;strong>budget&lt;/strong>&lt;/p>
&lt;h3 id="open-source">Open-source&lt;/h3>
&lt;p>Full-featured theme/page builder to create super fast &amp;amp; amazing website&lt;/p>
&lt;h3 id="0month">&lt;em>$&lt;/em>&lt;strong>0&lt;/strong>/month&lt;/h3>
&lt;ul>
&lt;li>Hugobricks theme/code&lt;/li>
&lt;li>All available bricks&lt;/li>
&lt;li>Regular updates&lt;/li>
&lt;li>Bug fixes &amp;amp; security patches&lt;/li>
&lt;/ul>
&lt;p>&lt;a href="https://thelivingdirectory.com/get-started/">Get started&lt;/a>&lt;/p>
&lt;hr>
&lt;p>&lt;strong>most popular&lt;/strong>&lt;/p>
&lt;h3 id="hosted">Hosted&lt;/h3>
&lt;p>Everything in one toolkit – We host your website on our top-notch infrastructure.&lt;/p></description></item><item><title>quote</title><link>https://thelivingdirectory.com/bricks/quote/</link><pubDate>Mon, 01 Jan 0001 00:00:00 +0000</pubDate><guid>https://thelivingdirectory.com/bricks/quote/</guid><description>&lt;h2 id="ready-to-build-your-next-project-with-hugobricks">&amp;ldquo;Ready to build your next project with Hugobricks?&amp;rdquo;&lt;/h2>
&lt;p>— Lorem ipsum dolor&lt;/p></description></item><item><title>Reviews</title><link>https://thelivingdirectory.com/bricks/reviews/</link><pubDate>Mon, 01 Jan 0001 00:00:00 +0000</pubDate><guid>https://thelivingdirectory.com/bricks/reviews/</guid><description>&lt;h2 id="what-users-say-about-hugobricks">What users say about Hugobricks&lt;/h2>
&lt;p>Don&amp;rsquo;t just take our word for it - hear from some of our satisfied users! Check out some of our testimonials below to see what others are saying about Hugobricks.&lt;/p></description></item><item><title>Webshop</title><link>https://thelivingdirectory.com/bricks/webshop/</link><pubDate>Mon, 01 Jan 0001 00:00:00 +0000</pubDate><guid>https://thelivingdirectory.com/bricks/webshop/</guid><description>&lt;h1 id="webshop">Webshop&lt;/h1>
&lt;p>Welcome to the Webshop — a curated collection of faith-inspired books, journals, and resources designed to nourish your spirit and support your daily walk. From guided devotionals to tools for focus and self-reflection, each item is rooted in purpose, presence, and grace. Explore and find what speaks to your journey today.&lt;/p></description></item></channel></rss>