<?xml version="1.0" encoding="utf-8" standalone="yes"?><rss version="2.0" xmlns:atom="http://www.w3.org/2005/Atom"><channel><title>Posts on</title><link>https://thelivingdirectory.com/blog/</link><description>Recent content in Posts on</description><generator>Hugo</generator><language>en</language><lastBuildDate>Sat, 26 Jul 2025 00:00:00 +0000</lastBuildDate><atom:link href="https://thelivingdirectory.com/blog/index.xml" rel="self" type="application/rss+xml"/><item><title>The Case for Christ: A Journalist’s Journey to Faith</title><link>https://thelivingdirectory.com/blog/case-for-christ-lee-strobel/</link><pubDate>Sat, 26 Jul 2025 00:00:00 +0000</pubDate><guid>https://thelivingdirectory.com/blog/case-for-christ-lee-strobel/</guid><description>Lee Strobel’s journey from atheism to faith invites us to reconsider the evidence for Jesus with open hearts and minds. This reflection and journal prompt offer a powerful entry point into reasoned belief.</description></item><item><title>God's Mercy Is Bigger: My Testimony of Redemption and Forgiveness</title><link>https://thelivingdirectory.com/blog/gods-mercy-is-bigger-testimony/</link><pubDate>Sat, 28 Jun 2025 00:00:00 +0000</pubDate><guid>https://thelivingdirectory.com/blog/gods-mercy-is-bigger-testimony/</guid><description>A raw, heartfelt story of how one interview exposed my sin, broke me, and led me to the mercy and love of Jesus Christ. If you&amp;rsquo;ve ever felt too far gone, this is for you.</description></item><item><title>I Didn’t Know I Was a Witch: How Melissa Found Jesus and Left the New Age</title><link>https://thelivingdirectory.com/blog/melissa-leaves-new-age/</link><pubDate>Fri, 27 Jun 2025 00:00:00 +0000</pubDate><guid>https://thelivingdirectory.com/blog/melissa-leaves-new-age/</guid><description>Melissa’s story of being saved from the New Age is a powerful reminder that not everything spiritual is from God. This testimony will challenge and inspire you.</description></item><item><title>Is Hell Real? Bill Wiese’s ‘23 Minutes in Hell’ Vision Explained Through Scripture</title><link>https://thelivingdirectory.com/blog/hell-is-real-bill-wiese/</link><pubDate>Wed, 18 Jun 2025 00:00:00 +0000</pubDate><guid>https://thelivingdirectory.com/blog/hell-is-real-bill-wiese/</guid><description>Bill Wiese’s vivid vision of hell reminds us of the weight of eternity and the call to walk in holiness. Here&amp;rsquo;s how his testimony aligns with Scripture and why it matters now more than ever.</description></item><item><title>Finding God's Unconditional Love: Insights from a Near-Death Experience</title><link>https://thelivingdirectory.com/blog/gods-unconditional-love-sharon-milliman/</link><pubDate>Fri, 13 Jun 2025 00:00:00 +0000</pubDate><guid>https://thelivingdirectory.com/blog/gods-unconditional-love-sharon-milliman/</guid><description>Sharon Milliman’s near-death experiences remind us of God&amp;rsquo;s unfailing love, the beauty of heaven, and the truth that every act of love matters in eternity.</description></item></channel></rss>